format	fm-lint-telemetry-v1
git_head	dce639e25f325ea93eee479720955cbd54b20e1c
content_cksum	3530728018-42
shellcheck_version	0.11.0
analysis_mode	full
partition	all
jobs	2
root_bounds_enforced	0
root_deadline_seconds	unbounded
root_kill_grace_seconds	unbounded
root_memory_limit_kib	unbounded
root_timing_mechanism	none
root_count	1
direct_lines	1097
direct_bytes	42619
source_directives	5
source_boundary_directives	0
source_followed_directives	5
source_target_count	5
shard_1_weight_bytes	42619
shard_2_weight_bytes	0
wall_seconds	24
worker_wall_sum_seconds	23.55
max_worker_wall_seconds	23.55
user_seconds	20.70
system_seconds	1.38
max_worker_rss_kib	3959856
worker_rss_sum_kib	3962160
shellcheck_processes_start	0
shellcheck_processes_end	0
load_average_start	5.78/6.23/6.52
load_average_end	6.50/6.38/6.57
aggregate_cpu_percent_start	107.40
aggregate_cpu_percent_end	173.30
result_exit	0
