format	fm-lint-roots-v1
meta	shellcheck_version	0.11.0
meta	platform	Darwin arm64
meta	image_os	unknown
meta	image_version	unknown
meta	mode	full
meta	partition	all
meta	jobs	2
meta	bounds_enforced	0
meta	root_deadline_seconds	unbounded
meta	root_kill_grace_seconds	unbounded
meta	root_memory_limit_kib	unbounded
meta	timing_mechanism	none
begin	1	bin/fm-backlog-handoff.sh	0	full	1790587463000
end	1	bin/fm-backlog-handoff.sh	0	full	1790587463000	1790587487000	24000	0	ok	unavailable
meta	roots_begun	1
meta	roots_completed	1
meta	roots_unfinished	0
meta	result_exit	0
